PRO_NO,NAME,TEL,BASIC_ADDRESS,DETAIL_ADDRESS,PRO_TYPE,rental_price,half_price,UPLOADPATH,FILENAME,FILEREALNAME,FILELOCA,REGDATE,LATITUDE,HARDNESS,,
1,마이다스호텔앤리조트,032-752-7441,경기도 가평군 청평면 북한강로 2245,,hotel,35000,16000,D:\spring\upload\20201230,1.jpg,test01,20210128,,37.7138259,127.4033961,,
2,운악산골프빌리지,032-836-2179,"경기도 가평군 조종면 운악청계로 809, 썬힐골프클럽",,motel,35300,16300,D:\spring\upload\20201230,2.jpg,test02,20210128,,37.88022759,127.3440638,,
3,레이크호텔,,경기도 가평군 청평면 경춘로 560,,motel,35900,16900,D:\spring\upload\20201230,3.jpg,test03,20210128,,37.7201659,127.4041789,,
4,트라움,032-866-7378,경기도 가평군 청평면 은행나무길 19,,hotel,36200,17200,D:\spring\upload\20201230,4.jpg,test04,20210128,,37.6798892,127.3751798,,
5,양지카운티,032-836-1337,경기도 가평군 북면 백둔로560번길 26-4,,motel,36500,17500,D:\spring\upload\20201230,5.jpg,test05,20210128,,37.9079729,127.4499751,,
6,뉴월드호텔,032-746-8003,경기도 가평군 설악면 유명로 1734,,hotel,36800,17800,D:\spring\upload\20201230,6.jpg,test06,20210128,,37.6762565,127.4784499,,
7,나우호텔,,경기도 가평군 가평읍 석봉로3번길 14,,motel,37100,18100,D:\spring\upload\20201230,7.jpg,test07,20210128,,37.8183786,127.5071624,,
8,아이리스,032-752-4233,"경기도 가평군 가평읍 북한강변로 1027-11 (,136-1,136-2)",,hotel,37400,18400,D:\spring\upload\20201230,8.jpg,test08,20210128,,37.8040962,127.5243247,,
9,청평별빛마을,,경기도 가평군 상면 축령로 145,,motel,37700,18700,D:\spring\upload\20201230,9.jpg,test09,20210128,,37.7747679,127.3578688,,
10,(주)호명청평산장호텔,032-886-0551,경기도 가평군 청평면 청군로 70,,hotel,38000,19000,D:\spring\upload\20201230,10.jpg,test10,20210128,,37.74960444,127.4210627,,
11,청평스포랜드리조트,032-836-2464,"경기도 가평군 청평면 고재길 325, 2층~5층",,motel,38300,19300,D:\spring\upload\20201230,11.jpg,test11,20210128,,37.70808371,127.513774,,
12,브라운모텔,032-832-9318,"경기도 가평군 청평면 경춘로 1496-7, 2~5층",,hotel,38600,19600,D:\spring\upload\20201230,12.jpg,test12,20210128,,37.78243036,127.4656664,,
13,명지산밸리하우스,032-831-1072,"경기도 가평군 북면 가화로 2266 (, 산74-1, 산279-1)",,motel,38900,19900,D:\spring\upload\20201230,13.jpg,test13,20210128,,37.9464723,127.4812669,,
14,서린모텔,032-831-1860,경기도 가평군 청평면 경춘로 46 (대성리),,hotel,39200,20200,D:\spring\upload\20201230,14.jpg,test14,20210128,,37.679998,127.3777876,,
15,쉬리모텔,032-886-7272,경기도 가평군 상면 청군로 1055-25 (연하리),,motel,39500,20500,D:\spring\upload\20201230,15.jpg,test15,20210128,,37.8041773,127.3599853,,
16,삼화호텔,,경기도 가평군 가평읍 석봉로3번길 14 외2필지 (대곡리),,hotel,39800,20800,D:\spring\upload\20201230,16.jpg,test16,20210128,,37.8183786,127.5071624,,
17,째즈하우스(모텔),,경기도 가평군 가평읍 경춘로 2035,,motel,40100,21100,D:\spring\upload\20201230,17.jpg,test17,20210128,,37.8142381,127.4999115,,
18,힐타운모텔,,,,hotel,40400,21400,D:\spring\upload\20201230,18.jpg,test18,20210128,,37.7134134,127.4408422,,
19,로젠하임,,"경기도 고양시 일산동구 장백로 36, 1~8층호 (백석동)",,motel,40700,21700,D:\spring\upload\20201230,19.jpg,test19,20210128,,37.64160322,126.7884008,,
20,람세스호텔,032-889-4714,경기도 고양시 덕양구 화신로260번길 20 (화정동),,hotel,41000,22000,D:\spring\upload\20201230,20.jpg,test20,20210128,,37.6314677,126.8328949,,
21,체스호텔,032-889-9947,경기도 고양시 덕양구 충장로 23 (행신동),,motel,41300,22300,D:\spring\upload\20201230,21.jpg,test21,20210128,,37.61489094,126.8336803,,
22,발렌타인호텔,032-832-3954,경기도 고양시 일산동구 강석로 15 (백석동),,hotel,41600,22600,D:\spring\upload\20201230,22.jpg,test22,20210128,,37.64457416,126.7871572,,
23,로마호텔,032-834-8413,"경기도 고양시 일산동구 중앙로 1160, 7층 (마두동)",,motel,41900,22900,D:\spring\upload\20201230,23.jpg,test23,20210128,,37.65101835,126.7787078,,
24,페이지호텔,032-752-7441,경기도 고양시 덕양구 화신로 271 (화정동),,hotel,42200,23200,D:\spring\upload\20201230,24.jpg,test24,20210128,,37.630492,126.8311186,,
25,퀸타운호텔모텔,032-836-2179,"경기도 고양시 일산동구 정발산로 39 (장항동,대양빌딩 8,9,10층)",,motel,42500,23500,D:\spring\upload\20201230,25.jpg,test25,20210128,,37.65726918,126.7730454,,
26,비에스(BS),032-832-9219,경기도 고양시 일산동구 장백로 66 (백석동),,hotel,42800,23800,D:\spring\upload\20201230,26.jpg,test26,20210128,,37.64346373,126.7859367,,
27,캘리포니아호텔,,경기도 고양시 일산동구 중앙로 1029 (백석동),,motel,43100,24100,D:\spring\upload\20201230,27.jpg,test27,20210128,,37.6419641,126.788683,,
28,필그린호텔,032-866-7378,경기도 고양시 일산동구 장백로 38 (백석동),,hotel,43400,24400,D:\spring\upload\20201230,28.jpg,test28,20210128,,37.64174709,126.7882418,,
29,스테이월호텔,032-836-1337,경기도 고양시 덕양구 고양대로 1323 (주교동),,motel,43700,24700,D:\spring\upload\20201230,29.jpg,test29,20210128,,37.6562421,126.8313766,,
30,호텔린,032-746-8003,"경기도 고양시 덕양구 혜음로 208, 1~4층 (벽제동)",,hotel,44000,25000,D:\spring\upload\20201230,30.jpg,test30,20210128,,37.7186505,126.8997835,,
31,카프리,,경기도 고양시 일산동구 장백로 68 (백석동),,motel,44300,25300,D:\spring\upload\20201230,31.jpg,test31,20210128,,37.6435446,126.7858232,,
32,카르마호텔,032-752-4233,경기도 고양시 덕양구 은빛로 55 (화정동),,hotel,44600,25600,D:\spring\upload\20201230,32.jpg,test32,20210128,,37.6378842,126.8340133,,
33,호텔앙띠브,,경기도 고양시 일산동구 중앙로 1058 (백석동),,motel,44900,25900,D:\spring\upload\20201230,33.jpg,test33,20210128,,37.6442133,126.7869316,,
34,마리포사호텔,032-886-0551,"경기도 고양시 일산동구 중앙로1261번길 19, 601, 701호 (장항동, 호수광장빌딩)",,hotel,45200,26200,D:\spring\upload\20201230,34.jpg,test34,20210128,,37.65818734,126.7726233,,
35,boutique hotel k(부띠끄 호텔 케이),032-836-2464,경기도 고양시 일산동구 무궁화로 31-9 (장항동),,motel,45500,26500,D:\spring\upload\20201230,35.jpg,test35,20210128,,37.66282565,126.7672142,,
36,마두 라트리(La TREE),032-832-9318,"경기도 고양시 일산동구 강석로 147, 1~9층호 (마두동)",,hotel,45800,26800,D:\spring\upload\20201230,36.jpg,test36,20210128,,37.65357532,126.7777709,,
37,호텔사이버,032-831-1072,경기도 고양시 덕양구 무원로6번길 35 (행신동),,motel,46100,27100,D:\spring\upload\20201230,37.jpg,test37,20210128,,37.61394415,126.8331501,,
38,넘버25 행신점,032-937-1249,경기도 고양시 덕양구 중앙로558번길 7-8 (행신동),,hotel,46400,27400,D:\spring\upload\20201230,38.jpg,test38,20210128,,37.6242996,126.835426,,
39,미라벨,032-937-3378,경기도 고양시 일산동구 중앙로 1056 (백석동),,motel,46700,27700,D:\spring\upload\20201230,39.jpg,test39,20210128,,37.6440516,126.7871587,,
40,룩소르호텔(LUXOR HOTEL),032-932-9890,경기도 고양시 일산서구 강성로 253 (대화동),,hotel,47000,28000,D:\spring\upload\20201230,40.jpg,test40,20210128,,37.676293,126.7488762,,
41,리치호텔,032-932-6897,경기도 고양시 일산서구 강성로 249 (대화동),,motel,47300,28300,D:\spring\upload\20201230,41.jpg,test41,20210128,,37.67613149,126.7491601,,
42,호텔노블레스,032-932-6286,경기도 광명시 범안로 1006 (하안동),,hotel,47600,28600,D:\spring\upload\20201230,42.jpg,test42,20210128,,37.4597394,126.8754323,,
43,제이모텔,,경기도 광명시 범안로 1002 (하안동),,motel,47900,28900,D:\spring\upload\20201230,43.jpg,test43,20210128,,37.459631,126.875229,,
44,더블유호텔,032-934-7017,경기도 광명시 범안로 988 (하안동),,hotel,48200,29200,D:\spring\upload\20201230,44.jpg,test44,20210128,,37.458882,126.8741226,,
45,프라임호텔,032-937-8028,"경기도 광명시 범안로 1000 (하안동, 3층-10층)",,motel,48500,29500,D:\spring\upload\20201230,45.jpg,test45,20210128,,37.4594867,126.8750371,,
46,쉘부르호텔,032-932-9076,경기도 광명시 범안로 990 (하안동),,hotel,48800,29800,D:\spring\upload\20201230,46.jpg,test46,20210128,,37.4589903,126.8742581,,
47,램파트,032-937-9264,경기도 광명시 범안로 986 (하안동),,motel,49100,30100,D:\spring\upload\20201230,47.jpg,test47,20210128,,37.4587376,126.8738742,,
48,골든리버호텔,032-937-5645,"경기도 광명시 소하로92번길 6-9 (소하동, 뉴골드프라자 4,5,6,7층)",,hotel,49400,30400,D:\spring\upload\20201230,48.jpg,test48,20210128,,37.4475746,126.8827872,,
49,세인트모텔,032-937-2324,경기도 광명시 오리로854번길 12 (철산동),,motel,49700,30700,D:\spring\upload\20201230,49.jpg,test49,20210128,,37.4745979,126.8683188,,
50,스카이파크,031-862-0930,경기도 광명시 오리로 374 (소하동),,hotel,50000,31000,D:\spring\upload\20201230,50.jpg,test50,20210128,,37.4357142,126.8796537,,
51,루체,031-867-0675,경기도 광명시 오리로854번길 16-15 (철산동),,motel,50300,31300,D:\spring\upload\20201230,51.jpg,test51,20210128,,37.4742926,126.8692351,,
52,뷰,031-534-1921,"경기도 광명시 오리로854번길 16 (철산동, 6층~8층)",,hotel,50600,31600,D:\spring\upload\20201230,52.jpg,test52,20210128,,37.4746523,126.8686014,,
53,호텔아리아하우스,031-536-4242,경기도 광주시 남종면 산수로 1692 (분원리),,motel,50900,31900,D:\spring\upload\20201230,53.jpg,test53,20210128,,37.4994672,127.3029924,,
54,수정파크,031-535-9025,경기도 구리시 체육관로 155 (교문동),,hotel,51200,32200,D:\spring\upload\20201230,54.jpg,test54,20210128,,37.5984491,127.1361729,,
55,인디프레젠트호텔,031-535-6357,"경기도 구리시 갈매중앙로 81-8 (갈매동, 3~7층)",,motel,51500,32500,D:\spring\upload\20201230,55.jpg,test55,20210128,,37.6321119,127.1166795,,
56,갈매퍼스트호텔,031-535-1482,"경기도 구리시 갈매중앙로 89-7, 3-7층 (갈매동, 퍼스트호텔)",,hotel,51800,32800,D:\spring\upload\20201230,56.jpg,test56,20210128,,37.6325531,127.1169861,,
57,호텔리얼,031-865-9492,경기도 군포시 고산로 729-1 (산본동),,motel,52100,33100,D:\spring\upload\20201230,57.jpg,test57,20210128,,37.37434395,126.937995,,
58,호텔루이,031-864-6789,경기도 김포시 대곶면 대명항1로 40-11,,hotel,52400,33400,D:\spring\upload\20201230,58.jpg,test58,20210128,,37.6444298,126.5466541,,
59,저스트슬립호텔 김포구래2호점,031-867-5292,"경기도 김포시 김포한강9로75번길 96, 동우프라자 7층 (구래동)",,motel,52700,33700,D:\spring\upload\20201230,59.jpg,test59,20210128,,37.6436323,126.621474,,
60,라인호텔,031-868-8880,경기도 김포시 통진읍 김포대로 2337,,hotel,53000,34000,D:\spring\upload\20201230,60.jpg,test60,20210128,,37.6946224,126.5881734,,
61,루브호텔,031-865-1805,경기도 김포시 대곶면 약암로 879,,motel,53300,34300,D:\spring\upload\20201230,61.jpg,test61,20210128,,37.6323199,126.5534574,,
62,라마다앙코르김포한리버,031-862-0930,경기도 김포시 고촌읍 아라육로152번길 169,,hotel,53600,34600,D:\spring\upload\20201230,62.jpg,test62,20210128,,37.601307,126.7858553,,
63,제이제이호텔,032-932-3247,"경기도 김포시 김포한강9로 79, 연세프라자 5차 9-10층 (구래동)",,motel,53900,34900,D:\spring\upload\20201230,63.jpg,test63,20210128,,37.6439872,126.6253699,,
64,럭스호텔,032-932-3515,경기도 김포시 고촌읍 인향로 2,,hotel,54200,35200,D:\spring\upload\20201230,64.jpg,test64,20210128,,37.5995224,126.7712981,,
65,드라이브인하비비 나동,032-933-8384,"경기도 김포시 대곶면 대명항1로 40-7, 나동",,motel,54500,35500,D:\spring\upload\20201230,65.jpg,test65,20210128,,37.6437398,126.5476214,,
66,마리호텔,032-937-3022,"경기도 김포시 김포한강9로75번길 190, 이너매스한강 8층 (구래동)",,hotel,54800,35800,D:\spring\upload\20201230,66.jpg,test66,20210128,,37.64495907,126.6250025,,
67,저스트슬립호텔 김포구래1호점,032-937-3761,경기도 김포시 김포한강9로75번길 72 (구래동),,motel,55100,36100,D:\spring\upload\20201230,67.jpg,test67,20210128,,37.6432362,126.6215894,,
68,체리호텔,032-937-9295,경기도 김포시 중구로 55 (북변동),,hotel,55400,36400,D:\spring\upload\20201230,68.jpg,test68,20210128,,37.6254389,126.7122455,,
69,벨루치,,"경기도 김포시 하성면 금포로1915번길 27, 가,나,다동",,motel,55700,36700,D:\spring\upload\20201230,69.jpg,test69,20210128,,37.697955,126.6608929,,
70,도킹호텔,032-937-3507,경기도 김포시 대곶면 대명항1로 50,,hotel,56000,37000,D:\spring\upload\20201230,70.jpg,test70,20210128,,37.64315925,126.546594,,
71,그레이호텔,032-937-8876,"경기도 김포시 김포한강9로75번길 24, 6-7층 (구래동)",,motel,56300,37300,D:\spring\upload\20201230,71.jpg,test71,20210128,,37.64351461,126.624092,,
72,드라이브인하비비 가동,,"경기도 김포시 대곶면 대명항1로 40-7, 가동",,hotel,56600,37600,D:\spring\upload\20201230,72.jpg,test72,20210128,,37.6437398,126.5476214,,
73,신라장여관,032-937-7336,,,motel,56900,37900,D:\spring\upload\20201230,73.jpg,test73,20210128,,37.6553799,126.6267854,,
74,산장호텔,032-937-8599,경기도 남양주시 화도읍 북한강로 1438-1,,hotel,57200,38200,D:\spring\upload\20201230,74.jpg,test74,20210128,,37.6391125,127.3573244,,
75,모텔테마,,경기도 남양주시 수동면 비룡로 606,,motel,57500,38500,D:\spring\upload\20201230,75.jpg,test75,20210128,,37.693299,127.3250193,,
76,저스트스위트호텔 다산로데오점,032-937-1004,"경기도 남양주시 다산중앙로123번길 9, 8,9,10층 (다산동)",,hotel,57800,38800,D:\spring\upload\20201230,76.jpg,test76,20210128,,37.62361191,127.1524275,,
77,강변비치파크,032-937-9177,경기도 남양주시 와부읍 경강로 650,,motel,58100,39100,D:\spring\upload\20201230,77.jpg,test77,20210128,,37.5751238,127.2203645,,
78,돌체카사호텔,032-937-2992,경기도 남양주시 조안면 북한강로989번길 4,,hotel,58400,39400,D:\spring\upload\20201230,78.jpg,test78,20210128,,37.6042042,127.3404664,,
79,넘버25 호텔 남양주 별내점,032-937-8952,경기도 남양주시 별내면 청학로92번길 137,,motel,58700,39700,D:\spring\upload\20201230,79.jpg,test79,20210128,,37.70890883,127.1105324,,
80,세피아호텔,032-937-3380,경기도 남양주시 별내면 청학로92번길 8,,hotel,59000,40000,D:\spring\upload\20201230,80.jpg,test80,20210128,,37.7084052,127.117261,,
81,리버모텔,032-934-3614,경기도 남양주시 와부읍 경강로 648 (외1필지),,motel,59300,40300,D:\spring\upload\20201230,81.jpg,test81,20210128,,37.575539,127.2199468,,
82,유니온호텔,032-932-2675,,,hotel,59600,40600,D:\spring\upload\20201230,82.jpg,test82,20210128,,37.661086,127.3694533,,
83,북한강호텔,032-937-2280,"경기도 남양주시 화도읍 북한강로 1146, 3,4,5층",,motel,59900,40900,D:\spring\upload\20201230,83.jpg,test83,20210128,,37.6160064,127.343793,,
84,(주)레이나컴퍼니,032-937-1540,경기도 남양주시 오남읍 팔현로 85,,hotel,60200,41200,D:\spring\upload\20201230,84.jpg,test84,20210128,,37.6946332,127.2226972,,
85,스타힐리조텔,032-937-3764,경기도 남양주시 화도읍 먹갓로 96,,motel,60500,41500,D:\spring\upload\20201230,85.jpg,test85,20210128,,37.663472,127.2692995,,
86,금남장여관,032-937-5759,,,hotel,60800,41800,D:\spring\upload\20201230,86.jpg,test86,20210128,,37.6458328,127.3635429,,
87,천마산장호텔,032-937-6937,경기도 남양주시 화도읍 먹갓로 78,,motel,61100,42100,D:\spring\upload\20201230,87.jpg,test87,20210128,,37.660527,127.2727229,,
88,제니스,,"경기도 남양주시 화도읍 북한강로 1417-13, 주1동, 주2동 2~3층",,motel,61700,42700,D:\spring\upload\20201230,88.jpg,test88,20210128,,37.6388405,127.3548759,,
89,남양주 루비노호텔,032-937-8499,경기도 남양주시 별내면 청학로54번길 47,,hotel,62000,43000,D:\spring\upload\20201230,89.jpg,test89,20210128,,37.7095427,127.1239764,,
90,크라운호텔,032-937-8788,경기도 남양주시 화도읍 경춘로 2006,,motel,62300,43300,D:\spring\upload\20201230,90.jpg,test90,20210128,,37.6508649,127.3110454,,
91,아테네호텔,032-933-8701,경기도 남양주시 진접읍 금강로 1669,,hotel,62600,43600,D:\spring\upload\20201230,91.jpg,test91,20210128,,37.7393528,127.1940015,,
92,호텔나인스톤,032-933-3011,경기도 남양주시 화도읍 경춘로 2483-1,,motel,62900,43900,D:\spring\upload\20201230,92.jpg,test92,20210128,,37.66383909,127.36193,,
93,저스트슬립호텔 다산신도시점,032-937-5481,"경기도 남양주시 다산중앙로123번길 7-26, 한강프라자 제1동 6층, 7층 (다산동)",,hotel,63200,44200,D:\spring\upload\20201230,93.jpg,test93,20210128,,37.6231798,127.1521208,,
94,골드관광호텔,010-6677-9972,경기도 남양주시 별내면 청학로92번길 133 (외1필지),,motel,63500,44500,D:\spring\upload\20201230,94.jpg,test94,20210128,,37.7092131,127.1108436,,
95,마리호텔,010-9475-9999,경기도 남양주시 와부읍 수레로 684,,hotel,63800,44800,D:\spring\upload\20201230,95.jpg,test95,20210128,,37.61775247,127.275162,,
96,호텔 하비비,010-4131-2556,경기도 남양주시 진접읍 해밀예당1로 50-38 (6층~9층),,motel,64100,45100,D:\spring\upload\20201230,96.jpg,test96,20210128,,37.7121268,127.1877281,,
97,리버윈드호텔,010-5701-8228,경기도 남양주시 화도읍 북한강로 1651 (금남리),,hotel,64400,45400,D:\spring\upload\20201230,97.jpg,test97,20210128,,37.6552015,127.3698436,,
98,프리즘호텔,010-2747-8719,경기도 남양주시 화도읍 북한강로 1397-6,,motel,64700,45700,D:\spring\upload\20201230,98.jpg,test98,20210128,,37.6368065,127.3541299,,
99,시마,061-261-6621,경기도 동두천시 중앙로274번길 9 (생연동),,hotel,65000,46000,D:\spring\upload\20201230,99.jpg,test99,20210128,,37.9059907,127.0546524,,
100,렉시호텔,010-3200-8070,경기도 동두천시 중앙로246번길 17 (생연동),,motel,65300,46300,D:\spring\upload\20201230,100.jpg,test100,20210128,,37.9032969,127.05448,,
101,호텔월드,010-2787-9954,"경기도 동두천시 지행로 60 (지행동,효원월드타워 9층,10층)",,hotel,65600,46600,D:\spring\upload\20201230,101.jpg,test101,20210128,,37.89196358,127.0537559,,
102,수연정,011-436-8232,경기도 동두천시 탑신로 239 (탑동동),,motel,65900,46900,D:\spring\upload\20201230,102.jpg,test102,20210128,,37.8968831,127.1173133,,
103,호텔 더 그레이,061-261-1619,경기도 동두천시 중앙로246번길 13 (생연동),,hotel,66200,47200,D:\spring\upload\20201230,103.jpg,test103,20210128,,37.9034952,127.0542641,,
104,에이스빌,011-647-9511,경기도 동두천시 삼육사로 1665-12 (탑동동),,motel,66500,47500,D:\spring\upload\20201230,104.jpg,test104,20210128,,37.8907765,127.1329466,,
105,아비숑모텔,011-9610-1260,경기도 동두천시 강변로94번길 6 (송내동),,hotel,66800,47800,D:\spring\upload\20201230,105.jpg,test105,20210128,,37.8791075,127.0530082,,
106,탑리조텔,061-275-1266,경기도 동두천시 삼육사로 1333 (탑동동),,motel,67100,48100,D:\spring\upload\20201230,106.jpg,test106,20210128,,37.8908029,127.0955108,,
107,골든파크,061-275-7033,경기도 동두천시 천보산로 664-17 (탑동동),,hotel,67400,48400,D:\spring\upload\20201230,107.jpg,test107,20210128,,37.88910345,127.0912798,,
108,테마모텔,061-271-5832,"경기도 동두천시 지행로 64 (지행동,시티타워 8,9층)",,motel,67700,48700,D:\spring\upload\20201230,108.jpg,test108,20210128,,37.8919724,127.0541196,,
109,힐튼모텔,061-271-7650,경기도 동두천시 중앙로265번길 24 (생연동),,hotel,68000,49000,D:\spring\upload\20201230,109.jpg,test109,20210128,,37.9055231,127.0524007,,
110,리노모텔,061-275-0766,경기도 동두천시 삼육사로 1133-1 (생연동),,motel,68300,49300,D:\spring\upload\20201230,110.jpg,test110,20210128,,37.8948271,127.0738467,,
111,T.S 파크,016-626-2215,경기도 동두천시 광암로17번길 10 (광암동),,hotel,68600,49600,D:\spring\upload\20201230,111.jpg,test111,20210128,,37.8957487,127.0837614,,
112,젠모텔,010-6785-6511,경기도 동두천시 평화로 2505 (생연동),,motel,68900,49900,D:\spring\upload\20201230,112.jpg,test112,20210128,,37.9113589,127.0575331,,
113,로얄파크,061-262-7100,경기도 동두천시 평화로 2124 (송내동),,hotel,69200,50200,D:\spring\upload\20201230,113.jpg,test113,20210128,,37.877583,127.0574514,,
114,리베여관,010-3637-5733,경기도 동두천시 평화로 2342 (생연동),,motel,69500,50500,D:\spring\upload\20201230,114.jpg,test114,20210128,,37.8966644,127.0580907,,
115,호텔코보스,010-8666-7307,"경기도 부천시 석천로170번길 11 (중동,코보스건물)",,hotel,69800,50800,D:\spring\upload\20201230,115.jpg,test115,20210128,,37.5026508,126.7632967,,
116,케이(K)호텔,061-271-7710,"경기도 부천시 길주로77번길 27, 1, 3-8층 (상동)",,motel,70100,51100,D:\spring\upload\20201230,116.jpg,test116,20210128,,37.5067348,126.7515214,,
117,호텔밀포드,061-271-4466,"경기도 부천시 원미로17번길 42 (심곡동, 지하1층~8층)",,hotel,70400,51400,D:\spring\upload\20201230,117.jpg,test117,20210128,,37.48473896,126.7865774,,
118,플로체호텔,,"경기도 부천시 길주로77번길 19-22, 3-8층 (상동)",,motel,70700,51700,D:\spring\upload\20201230,118.jpg,test118,20210128,,37.5069026,126.7499149,,
119,호텔에스알,061-246-2034,경기도 부천시 석천로178번길 22 (중동),,hotel,71000,52000,D:\spring\upload\20201230,119.jpg,test119,20210128,,37.5028413,126.7639633,,
120,모텔알(R),061-271-4495,"경기도 부천시 길주로77번길 55-15, 1-8층 (상동)",,motel,71300,52300,D:\spring\upload\20201230,120.jpg,test120,20210128,,37.5070684,126.7516108,,
121,에스(S)호텔,010-3434-0031,경기도 부천시 원미로17번길 28 (심곡동),,hotel,71600,52600,D:\spring\upload\20201230,121.jpg,test121,20210128,,37.48462326,126.7873579,,
122,팔레스호텔,061-275-4106,경기도 부천시 길주로77번길 21 (상동),,motel,71900,52900,D:\spring\upload\20201230,122.jpg,test122,20210128,,37.50676149,126.7513291,,
123,에버호텔,061-271-3518,경기도 부천시 길주로121번길 18-21 (상동),,hotel,72200,53200,D:\spring\upload\20201230,123.jpg,test123,20210128,,37.5064856,126.7572676,,
124,시크릿호텔,011-632-6696,"경기도 부천시 길주로77번길 19-8, 1-8층 (상동)",,motel,72500,53500,D:\spring\upload\20201230,124.jpg,test124,20210128,,37.5068139,126.7505825,,
125,로잔호텔,010-7628-9099,경기도 부천시 석천로170번길 15 (중동),,hotel,72800,53800,D:\spring\upload\20201230,125.jpg,test125,20210128,,37.5026244,126.7636021,,
126,필름37.2모텔,011-615-5073,경기도 부천시 부천로2번길 21 (심곡동),,motel,73100,54100,D:\spring\upload\20201230,126.jpg,test126,20210128,,37.48426564,126.783967,,
127,마레,011-606-6628,경기도 부천시 부일로518번길 18 (심곡동),,hotel,73400,54400,D:\spring\upload\20201230,127.jpg,test127,20210128,,37.48437102,126.7873813,,
128,호텔시티(HOTEL. CT),011-9600-8035,경기도 부천시 석천로178번길 12 (중동),,motel,73700,54700,D:\spring\upload\20201230,128.jpg,test128,20210128,,37.5029302,126.7633523,,
129,케이원호텔,010-9191-2680,경기도 부천시 석천로170번길 15 (중동),,hotel,74000,55000,D:\spring\upload\20201230,129.jpg,test129,20210128,,37.5026244,126.7636021,,
130,호텔코보스,061-271-4200,경기도 부천시 석천로170번길 11 (중동),,motel,74300,55300,D:\spring\upload\20201230,130.jpg,test130,20210128,,37.5026508,126.7632967,,
131,청하장여관,010-9177-0124,경기도 부천시 경인옛로22번길 10 (소사본동),,hotel,74600,55600,D:\spring\upload\20201230,131.jpg,test131,20210128,,37.480878,126.7940165,,
132,귀인장여관,010-6678-5115,경기도 부천시 소사로 239 (소사본동),,hotel,75200,56200,D:\spring\upload\20201230,132.jpg,test132,20210128,,37.4796007,126.7951845,,
133,리젠시모텔,011-606-7627,경기도 부천시 경인로206번길 9 (심곡본동),,motel,75500,56500,D:\spring\upload\20201230,133.jpg,test133,20210128,,37.4829575,126.7782951,,
134,뉴타워호텔,011-603-7933,경기도 부천시 부일로506번길 27 (심곡동),,hotel,75800,56800,D:\spring\upload\20201230,134.jpg,test134,20210128,,37.4840987,126.786274,,
135,프린스여관,010-5272-7771,경기도 부천시 호현로487번길 20 (소사본동),,motel,76100,57100,D:\spring\upload\20201230,135.jpg,test135,20210128,,37.4804341,126.7926271,,
136,선샤인,061-271-7765,"경기도 성남시 중원구 광명로 243-8, 2층,3층,4층 (중앙동)",,hotel,76400,57400,D:\spring\upload\20201230,136.jpg,test136,20210128,,37.44230499,127.1533994,,
137,킹 호텔,010-8515-5122,경기도 성남시 분당구 돌마로 67 (금곡동),,motel,76700,57700,D:\spring\upload\20201230,137.jpg,test137,20210128,,37.3504228,127.10947,,
138,Hotel JJ,061-275-6688,경기도 성남시 분당구 황새울로258번길 10-15 (수내동),,hotel,77000,58000,D:\spring\upload\20201230,138.jpg,test138,20210128,,37.37955608,127.1154614,,
139,글로리아호텔,010-2368-7967,경기도 성남시 분당구 정자일로198번길 10-4 (정자동),,motel,77300,58300,D:\spring\upload\20201230,139.jpg,test139,20210128,,37.36744549,127.1066832,,
140,알지(RG)호텔,061-246-3951,경기도 성남시 중원구 제일로74번길 11 (성남동),,hotel,77600,58600,D:\spring\upload\20201230,140.jpg,test140,20210128,,37.43380194,127.1364002,,
141,저스트스테이호텔 성남모란점,061-275-8711,경기도 성남시 중원구 산성대로 144 (성남동),,motel,77900,58900,D:\spring\upload\20201230,141.jpg,test141,20210128,,37.43436208,127.1350454,,
142,노블레스호텔,061-275-7773,경기도 성남시 분당구 황새울로335번길 6 (서현동),,hotel,78200,59200,D:\spring\upload\20201230,142.jpg,test142,20210128,,37.3863881,127.1222127,,
143,인호텔(IN),010-2663-4649,경기도 수원시 팔달구 효원로235번길 46-5 (인계동),,motel,78500,59500,D:\spring\upload\20201230,143.jpg,test143,20210128,,37.26485286,127.0287209,,
144,호텔플렉스,061-271-0248,경기도 수원시 팔달구 권광로180번길 18-23 (인계동),,hotel,78800,59800,D:\spring\upload\20201230,144.jpg,test144,20210128,,37.26218468,127.0334773,,
145,스타메이드호텔,061-262-4817,경기도 수원시 팔달구 효원로235번길 46-13 (인계동),,motel,79100,60100,D:\spring\upload\20201230,145.jpg,test145,20210128,,37.26482727,127.0292263,,
146,오라고호텔,061-271-3923,경기도 수원시 권선구 경수대로199번길 24-5 (세류동),,hotel,79400,60400,D:\spring\upload\20201230,146.jpg,test146,20210128,,37.2454648,127.0156178,,
147,에스.스테이호텔,061-271-5569,"경기도 수원시 팔달구 갓매산로71번길 21-6, 2~5층 (매산로2가)",,motel,79700,60700,D:\spring\upload\20201230,147.jpg,test147,20210128,,37.26871208,127.0030849,,
148,유성호텔2,061-271-1642,"경기도 수원시 팔달구 갓매산로 25, 1,3~10층 (매산로2가)",,hotel,80000,61000,D:\spring\upload\20201230,148.jpg,test148,20210128,,37.26673879,127.0059823,,
149,호텔명작,,경기도 수원시 팔달구 매산로 57 (매산로2가),,motel,80300,61300,D:\spring\upload\20201230,149.jpg,test149,20210128,,37.2691535,127.0073916,,
150,갤러리아호텔,018-601-5864,경기도 수원시 권선구 효원로266번길 23 (권선동),,hotel,80600,61600,D:\spring\upload\20201230,150.jpg,test150,20210128,,37.26062667,127.0303315,,
151,호텔 켈리포니아,061-275-4812,경기도 수원시 팔달구 인계로94번길 39-18 (인계동),,motel,80900,61900,D:\spring\upload\20201230,151.jpg,test151,20210128,,37.2659342,127.0280899,,
152,호텔까사,061-271-7605,경기도 수원시 팔달구 권광로142번길 36 (인계동),,hotel,81200,62200,D:\spring\upload\20201230,152.jpg,test152,20210128,,37.2594906,127.0332282,,
153,호텔명작프리미엄,061-275-9205,경기도 수원시 팔달구 매산로 61-3 (매산로3가),,motel,81500,62500,D:\spring\upload\20201230,153.jpg,test153,20210128,,37.2693517,127.0072789,,
154,드림팰리스,061-275-9343,경기도 수원시 팔달구 경수대로446번길 55 (인계동),,hotel,81800,62800,D:\spring\upload\20201230,154.jpg,test154,20210128,,37.2652671,127.0297018,,
155,유토피아호텔,061-275-9405,경기도 수원시 장안구 장안로 264-5 (정자동),,motel,82100,63100,D:\spring\upload\20201230,155.jpg,test155,20210128,,37.3057077,126.9919182,,
156,뉴엠호텔(New M),010-2433-5373,경기도 수원시 팔달구 효원로219번길 46-6 (인계동),,hotel,82400,63400,D:\spring\upload\20201230,156.jpg,test156,20210128,,37.2649883,127.0270074,,
157,넘버.25호텔수원경기대점,061-261-8919,경기도 수원시 장안구 창훈로80번길 8 (연무동),,motel,82700,63700,D:\spring\upload\20201230,157.jpg,test157,20210128,,37.29828919,127.0275285,,
158,호텔 에이원(HOTEL A1),061-261-4232,경기도 수원시 권선구 경수대로199번길 18 (세류동),,hotel,83000,64000,D:\spring\upload\20201230,158.jpg,test158,20210128,,37.2453205,127.0163616,,
159,(주)DGHT 노블레스,061-262-4232,경기도 수원시 팔달구 향교로3번길 40-4 (매산로1가),,motel,83300,64300,D:\spring\upload\20201230,159.jpg,test159,20210128,,37.2689283,127.0020025,,
160,강남디자인호텔,061-261-4455,경기도 수원시 팔달구 장다리로 224 (인계동),,hotel,83600,64600,D:\spring\upload\20201230,160.jpg,test160,20210128,,37.2695477,127.026276,,
161,수원퍼시픽호텔,061-261-0666,경기도 수원시 팔달구 효원로235번길 38 (인계동),,motel,83900,64900,D:\spring\upload\20201230,161.jpg,test161,20210128,,37.2644294,127.02836,,
162,다이아몬드호텔,061-261-1842,경기도 수원시 팔달구 인계로94번길 29 (인계동),,hotel,84200,65200,D:\spring\upload\20201230,162.jpg,test162,20210128,,37.2666822,127.027425,,
163,호텔 버틀러,010-4611-3044,경기도 수원시 팔달구 인계로166번길 24 (인계동),,motel,84500,65500,D:\spring\upload\20201230,163.jpg,test163,20210128,,37.26540917,127.0350535,,
164,팰리스가족호텔,010-3866-8903,경기도 수원시 팔달구 갓매산로 72 (고등동),,hotel,84800,65800,D:\spring\upload\20201230,164.jpg,test164,20210128,,37.2699555,127.0030849,,
165,오르세비즈니스호텔,061-271-9503,경기도 수원시 팔달구 인계로124번길 27-7 (인계동),,motel,85100,66100,D:\spring\upload\20201230,165.jpg,test165,20210128,,37.2661858,127.0308634,,
166,미니호텔아이비,061-275-7709,경기도 수원시 팔달구 향교로 17-5 (매산로1가),,hotel,85400,66400,D:\spring\upload\20201230,166.jpg,test166,20210128,,37.26823454,127.0027805,,
167,아이와이호텔,061-275-1114,경기도 수원시 팔달구 경수대로466번길 27 (인계동),,motel,85700,66700,D:\spring\upload\20201230,167.jpg,test167,20210128,,37.26737575,127.0286993,,
168,넘버원(NO.1),061-262-0988,경기도 수원시 팔달구 권광로180번길 42-20 (인계동),,hotel,86000,67000,D:\spring\upload\20201230,168.jpg,test168,20210128,,37.2621573,127.0344467,,
169,호텔 세인트,061-271-0631,"경기도 수원시 권선구 구운로85번길 28 (구운동,외1필지)",,motel,86300,67300,D:\spring\upload\20201230,169.jpg,test169,20210128,,37.28134108,126.9716265,,
170,호텔테이트,061-275-7734,경기도 수원시 팔달구 권광로180번길 53-22 (인계동),,hotel,86600,67600,D:\spring\upload\20201230,170.jpg,test170,20210128,,37.2634907,127.0349771,,
171,그레이스(Grace),061-275-7010,경기도 수원시 팔달구 권광로207번길 23 (인계동),,motel,86900,67900,D:\spring\upload\20201230,171.jpg,test171,20210128,,37.2661856,127.0318329,,
172,자니비호텔,061-262-8527,경기도 수원시 팔달구 권광로175번길 31-6 (인계동),,hotel,87200,68200,D:\spring\upload\20201230,172.jpg,test172,20210128,,37.2634288,127.0302198,,
173,아이리스호텔,061-275-8360,경기도 수원시 팔달구 권광로207번길 29 (인계동),,motel,87500,68500,D:\spring\upload\20201230,173.jpg,test173,20210128,,37.2662668,127.0315849,,
174,별헤는밤,061-275-5234,"경기도 수원시 팔달구 인계로124번길 27-23 (인계동, 별헤는밤호텔)",,hotel,87800,68800,D:\spring\upload\20201230,174.jpg,test174,20210128,,37.2659063,127.0318666,,
175,호텔 라메르,061-275-3375,경기도 수원시 권선구 경수대로384번길 59 (권선동),,motel,88100,69100,D:\spring\upload\20201230,175.jpg,test175,20210128,,37.2597622,127.0275355,,
176,Partyz Hotel(파티즈호텔),010-4599-2737,경기도 수원시 권선구 서부로1934번길 42 (구운동),,hotel,88400,69400,D:\spring\upload\20201230,176.jpg,test176,20210128,,37.28165571,126.9715684,,
177,브라운도트호텔 수원시청점,061-275-4790,경기도 수원시 권선구 권광로123번길 12 (권선동),,motel,88700,69700,D:\spring\upload\20201230,177.jpg,test177,20210128,,37.25926903,127.0300729,,
178,호텔마레,011-632-3509,경기도 수원시 팔달구 경수대로466번길 54 (인계동),,hotel,89000,70000,D:\spring\upload\20201230,178.jpg,test178,20210128,,37.2666546,127.0300293,,
179,호텔더스타일,017-643-8751,경기도 수원시 팔달구 인계로124번길 41-5 (인계동),,motel,89300,70300,D:\spring\upload\20201230,179.jpg,test179,20210128,,37.2656002,127.0307842,,
180,제이엠호텔,061-261-1870,경기도 수원시 팔달구 경수대로446번길 32 (인계동),,hotel,89600,70600,D:\spring\upload\20201230,180.jpg,test180,20210128,,37.2653215,127.0280334,,
181,듄45,,경기도 수원시 팔달구 권광로175번길 31-4 (인계동),,motel,89900,70900,D:\spring\upload\20201230,181.jpg,test181,20210128,,37.2635189,127.0302762,,
182,소설스미스,061-261-1862,경기도 수원시 팔달구 중부대로128번길 23 (인계동),,hotel,90200,71200,D:\spring\upload\20201230,182.jpg,test182,20210128,,37.2769894,127.02983,,
183,호텔벨라스위트 수원인계점,061-261-1740,"경기도 수원시 팔달구 권광로180번길 18-15 (인계동, 호텔벨라스위트 제1동)",,motel,90500,71500,D:\spring\upload\20201230,183.jpg,test183,20210128,,37.26254506,127.0336127,,
184,조이호텔,061-261-1860,경기도 수원시 팔달구 효원로291번길 32 (인계동),,hotel,90800,71800,D:\spring\upload\20201230,184.jpg,test184,20210128,,37.2625718,127.0343342,,
185,레브호텔,017-617-0505,경기도 수원시 팔달구 효원로219번길 46-24 (인계동),,motel,91100,72100,D:\spring\upload\20201230,185.jpg,test185,20210128,,37.26473589,127.0279768,,
186,라인호텔,061-261-5187,경기도 수원시 팔달구 효원로219번길 46-18 (인계동),,hotel,91400,72400,D:\spring\upload\20201230,186.jpg,test186,20210128,,37.264826,127.0276724,,
187,밸류하이엔드호텔,061-262-1798,경기도 수원시 팔달구 효원로 299 (인계동),,hotel,91700,72700,D:\spring\upload\20201230,187.jpg,test187,20210128,,37.26137346,127.0345817,,
188,아리테호텔 주식회사,061-261-4455,"경기도 수원시 권선구 금곡로 193, 아리테호텔타워 6~8층 (금곡동)",,hotel,92000,73000,D:\spring\upload\20201230,188.jpg,test188,20210128,,37.2737917,126.9515361,,
189,해시호텔,061-261-1920,경기도 수원시 팔달구 갓매산로 72-1 (고등동),,motel,92300,73300,D:\spring\upload\20201230,189.jpg,test189,20210128,,37.26999154,127.0029722,,
190,로제호텔,061-261-4011,경기도 수원시 팔달구 권광로180번길 42-23 (인계동),,motel,92600,73600,D:\spring\upload\20201230,190.jpg,test190,20210128,,37.26201312,127.0348638,,
191,호텔프라하,010-2267-1520,경기도 수원시 권선구 경수대로384번길 42-1 (권선동),,hotel,92900,73900,D:\spring\upload\20201230,191.jpg,test191,20210128,,37.25970843,127.0265548,,
192,수원호텔꼬모(Suwon Hotel Como),010-4238-3364,경기도 수원시 팔달구 효원로219번길 46-14 (인계동),,motel,93200,74200,D:\spring\upload\20201230,192.jpg,test192,20210128,,37.26492883,127.0275678,,
193,엠호텔,010-7673-9279,경기도 수원시 팔달구 효원로219번길 46-12 (인계동),,hotel,93500,74500,D:\spring\upload\20201230,193.jpg,test193,20210128,,37.2649072,127.0273343,,
194,더녹스호텔,010-2363-9581,"경기도 수원시 팔달구 인계로108번길 27-19, 지하1층-지상5층 (인계동)",,motel,93800,74800,D:\spring\upload\20201230,194.jpg,test194,20210128,,37.26637529,127.0301081,,
195,일마레,061-246-3521,경기도 수원시 권선구 권광로123번길 12 (권선동),,hotel,94100,75100,D:\spring\upload\20201230,195.jpg,test195,20210128,,37.259131,127.0299702,,
196,도노호텔,010-9882-5467,경기도 수원시 팔달구 신풍로 68 (장안동),,hotel,94400,75400,D:\spring\upload\20201230,196.jpg,test196,20210128,,37.2869573,127.0138317,,
197,레브퍼시픽호텔,010-4642-3574,경기도 수원시 팔달구 효원로235번길 38 (인계동),,motel,94700,75700,D:\spring\upload\20201230,197.jpg,test197,20210128,,37.2644294,127.02836,,
198,kelly homestay,061-275-9231,"서울특별시 영등포구 영중로 145, 103동 402호 (영등포동8가, 삼환아파트)",,hotel,95000,76000,D:\spring\upload\20201230,198.jpg,test198,20210128,,37.52996057,126.9050799,, 
199,보나,061-246-3774,"서울특별시 영등포구 영등포로 351, 105동 102호 (신길동, 경남아파트)",,motel,95300,76300,D:\spring\upload\20201230,199.jpg,test199,20210128,,37.51531276,126.9180295,, 
200,Lodge 82,010-5668-3689,서울특별시 영등포구 영등포로79길 7-4 (신길동),,hotel,95600,76600,D:\spring\upload\20201230,200.jpg,test200,20210128,,37.51453274,126.9210513,, 
201,웨어하우스,061-246-2708,"서울특별시 영등포구 도림로 432, 2층 (문래동3가)",,motel,95900,76900,D:\spring\upload\20201230,201.jpg,test201,20210128,,37.51437681,126.895186,, 
202,Sweet Home Seoul,061-246-2635,"서울특별시 영등포구 영중로 145, 102동 1601호 (영등포동8가, 영등포삼환아파트)",,hotel,96200,77200,D:\spring\upload\20201230,202.jpg,test202,20210128,,37.52996057,126.9050799,, 
203,Sister House,061-246-3802,"서울특별시 영등포구 63로 45, 13동 103호 (여의도동, 여의도시범아파트)",,motel,96500,77500,D:\spring\upload\20201230,203.jpg,test203,20210128,,37.52135409,126.937326,, 
204,스카이 게스트하우스,061-246-4114,서울특별시 영등포구 신길로60길 17 (신길동),,hotel,96800,77800,D:\spring\upload\20201230,204.jpg,test204,20210128,,37.51304186,126.9124738,, 
205,업플로하우스(upflo house),061-246-3736,"서울특별시 영등포구 당산로 241, 동화빌딩 701호 (당산동6가)",,motel,97100,78100,D:\spring\upload\20201230,205.jpg,test205,20210128,,37.53521313,126.902539,, 
206,업플로하우스 레이디(upflo house lady),061-246-3771,"서울특별시 영등포구 당산로 241, 동화빌딩 801호 (당산동6가)",,hotel,97400,78400,D:\spring\upload\20201230,206.jpg,test206,20210128,,37.53521313,126.902539,, 
207,앨스가든파티,061-246-3773,"서울특별시 영등포구 영등포로27길 19, 4층 (당산동1가)",,motel,97700,78700,D:\spring\upload\20201230,207.jpg,test207,20210128,,37.5227091,126.8992302,, 
208,김치다운타운 게스트하우스 2B,061-246-2422,"서울특별시 서대문구 서소문로 43-45, 2층 B호 (합동, 에쉬빌팔레스)",,motel,98300,79300,D:\spring\upload\20201230,208.jpg,test208,20210128,,37.5614244,126.9651233,, 
209,김치다운타운 게스트하우스 3A,061-246-2176,"서울특별시 서대문구 서소문로 43-45, 3층 A호 (합동, 에쉬빌팔레스)",,hotel,98600,79600,D:\spring\upload\20201230,209.jpg,test209,20210128,,37.5614244,126.9651233,, 
210,김치다운타운 게스트하우스 3B,061-246-3791,"서울특별시 서대문구 서소문로 43-45, 3층 B호 (합동, 에쉬빌팔레스)",,motel,98900,79900,D:\spring\upload\20201230,210.jpg,test210,20210128,,37.5614244,126.9651233,, 
211,메디치하우스,061-275-9200,서울특별시 서대문구 연희로11사길 16-5 (연희동),,hotel,99200,80200,D:\spring\upload\20201230,211.jpg,test211,20210128,,37.5700937,126.9177626,, 
212,빅토리안 스튜디오,,서울특별시 서대문구 연희로4길 13-7 (연희동),,hotel,99500,80500,D:\spring\upload\20201230,212.jpg,test212,20210128,,37.5616914,126.9194259,, 
213,발자국,061-275-9847,"서울특별시 서대문구 연세로5길 26-7, 2층 (창천동)",,hotel,99800,80800,D:\spring\upload\20201230,213.jpg,test213,20210128,,37.5565703,126.9264428,, 
214,가온 게스트하우스,061-246-2525,"서울특별시 서대문구 독립문로12길 46, 2층 203호 (천연동)",,motel,100100,81100,D:\spring\upload\20201230,214.jpg,test214,20210128,,37.5678291,126.9507388,, 
215,ICOS 게스트하우스 신촌,010-6561-9351,서울특별시 서대문구 연세로2다길 63 (창천동),,motel,100400,81400,D:\spring\upload\20201230,215.jpg,test215,20210128,,37.5574403,126.9327086,, 
216,게스트하우스 77,061-246-3809,"서울특별시 서대문구 연희로 44-35, 1층,2층 (연희동)",,hotel,100700,81700,D:\spring\upload\20201230,216.jpg,test216,20210128,,37.5622558,126.9196771,, 
217,타임트래블러릴렉스,061-246-3805,서울특별시 서대문구 신촌로1길 90-13 (창천동),,motel,101000,82000,D:\spring\upload\20201230,217.jpg,test217,20210128,,37.56044,126.93022,, 
218,Merci Stay,061-246-2005,"서울특별시 서대문구 서소문로 43-22, 5층 (합동, 한흥빌딩)",,hotel,101300,82300,D:\spring\upload\20201230,218.jpg,test218,20210128,,37.56103,126.96528,, 
219,연희동 '조'하우스,061-246-3812,서울특별시 서대문구 연희로27가길 13 (연희동),,motel,101600,82600,D:\spring\upload\20201230,219.jpg,test219,20210128,,37.57299,126.93303,, 
220,클로이 하우스,061-275-9400,"서울특별시 서대문구 신촌로3나길 8-5, 201호 (창천동, 한빛위너스)",,hotel,101900,82900,D:\spring\upload\20201230,220.jpg,test220,20210128,,37.55864,126.92992,, 
221,스테이 인 홍대,,"서울특별시 서대문구 신촌로3나길 8-5, 302호 (창천동, 한빛위너스)",,hotel,102200,83200,D:\spring\upload\20201230,221.jpg,test221,20210128,,37.55864,126.92992,, 
222,비스테이(B.stay),,"서울특별시 서대문구 가좌로 70, 401호 (홍은동, 브엘세바빌딩)",,motel,102500,83500,D:\spring\upload\20201230,222.jpg,test222,20210128,,37.57966,126.92909,, 
223,하트 오브 서울 (Heart of Seoul),,"서울특별시 서대문구 독립문로 66-6, 1층 (냉천동)",,hotel,102800,83800,D:\spring\upload\20201230,223.jpg,test223,20210128,,37.56724,126.96373,, 
224,Young House,,"서울특별시 강동구 올림픽로89길 57, 103동 204호 (천호동, 강변그대가리버뷰)",,motel,103100,84100,D:\spring\upload\20201230,224.jpg,test224,20210128,,37.54788263,127.1229436,,
225,Elaines house (일레인의 집),,"서울특별시 강동구 천호대로 1095, 806호 (천호동, 현대코아아파트)",,hotel,103400,84400,D:\spring\upload\20201230,225.jpg,test225,20210128,,37.535905,127.1336636,,
226,Lumi-Art(루미-아트),,"서울특별시 강동구 천중로39길 69, 101동 1305호 (천호동, 천호1차우림루미아트)",,motel,103700,84700,D:\spring\upload\20201230,226.jpg,test226,20210128,,37.54409778,127.1397177,,
227,히토미,02-386-8416,"서울특별시 은평구 서오릉로 258, 102동 202호 (갈현동, 우남아파트)",,hotel,104000,85000,D:\spring\upload\20201230,227.jpg,test227,20210128,,37.61767917,126.9068079,, 
228,파라다이스,,"서울특별시 은평구 진관4로 48-50, 727동 701호 (진관동)",,motel,104300,85300,D:\spring\upload\20201230,228.jpg,test228,20210128,,37.64320345,126.9292107,, 
229,엠마의 집,,"서울특별시 은평구 연서로24길 7, 2층 (대조동)",,hotel,104600,85600,D:\spring\upload\20201230,229.jpg,test229,20210128,,37.61620384,126.919752,, 
230,북한산 옐로우 게스트 하우스,070-4025-3582,서울특별시 은평구 불광로 156-15 (불광동),,motel,104900,85900,D:\spring\upload\20201230,230.jpg,test230,20210128,,37.62110964,126.9325755,, 
231,제이에스하우스 2,,"서울특별시 은평구 증산로 439-3, 202호 (신사동)",,hotel,105200,86200,D:\spring\upload\20201230,231.jpg,test231,20210128,,37.59541593,126.914252,, 
232,제이에스하우스 1,,"서울특별시 은평구 증산로 439-3, 201호 (신사동)",,motel,105500,86500,D:\spring\upload\20201230,232.jpg,test232,20210128,,37.59541593,126.914252,, 
233,아름다운 황토집,,서울특별시 은평구 통일로92길 30 (불광동),,hotel,105800,86800,D:\spring\upload\20201230,233.jpg,test233,20210128,,37.625772,126.9229969,, 
234,lime guest house,02-359-8450,"서울특별시 은평구 통일로72길 30 (불광동, 수애홈)",,motel,106100,87100,D:\spring\upload\20201230,234.jpg,test234,20210128,,37.618452,126.9251882,, 
235,글로벌 스테이,,"서울특별시 은평구 진관2로 57-37, 239동 301호 (진관동, 은평뉴타운우물골)",,hotel,106400,87400,D:\spring\upload\20201230,235.jpg,test235,20210128,,37.635114,126.9260687,, 
236,팅거벨,,경기도 안산시 단원구 선감동 696-3,,motel,106700,87700,D:\spring\upload\20201230,236.jpg,test236,20210128,,37.23170412,126.6242234,,
237,캐트시,,경기도 안산시 단원구 선감동 700,,hotel,107000,88000,D:\spring\upload\20201230,237.jpg,test237,20210128,,37.23137615,126.624225,,
238,샤갈,,경기도 안산시 단원구 선감동 699,,hotel,107300,88300,D:\spring\upload\20201230,238.jpg,test238,20210128,,37.23138165,126.6236886,,
239,플로라,,경기도 안산시 단원구 선감동 703,,hotel,107600,88600,D:\spring\upload\20201230,239.jpg,test239,20210128,,37.23082307,126.6237094,,
240,프린스,,경기도 안산시 단원구 선감동 708,,motel,107900,88900,D:\spring\upload\20201230,240.jpg,test240,20210128,,37.23024278,126.6237033,,
241,씨그린,,경기도 안산시 단원구 선감동 704-3,,motel,108200,89200,D:\spring\upload\20201230,241.jpg,test241,20210128,,37.23057245,126.6242335,,
242,홍어동,,경기도 안산시 단원구 선감동 704,,hotel,108500,89500,D:\spring\upload\20201230,242.jpg,test242,20210128,,37.23079231,126.6242369,,
243,네이핀,,경기도 안산시 단원구 선감동 699-2,,motel,108800,89800,D:\spring\upload\20201230,243.jpg,test243,20210128,,37.23113732,126.6239242,,
244,브니엘,,경기도 안산시 단원구 선감동 700-2,,hotel,109100,90100,D:\spring\upload\20201230,244.jpg,test244,20210128,,37.23112797,126.624384,,
245,아그네스,,경기도 안산시 단원구 선감동 701,,motel,109400,90400,D:\spring\upload\20201230,245.jpg,test245,20210128,,37.23139584,126.6247523,,
246,비바체,,경기도 안산시 단원구 선감동 700-1,,hotel,109700,90700,D:\spring\upload\20201230,246.jpg,test246,20210128,,37.23139115,126.6244098,,
